researcher,institution,pid,sub_areas
Adenauer Yamin,UFPEL,y/AdenauerCYamin,"['ai', 'arch']"
Adenilso Simao,ICMC/USP,24/261,['se']
Adenilton da Silva,UFPE,03/8672,"['ai', 'hardware']"
Adiel Almeida Filho,UFPE,51/8647,"['ai', 'or']"
Adilson Elias Xavier,COPPE/UFRJ,72/8017,['ai']
Adriana Vivacqua,DCC/UFRJ,10/6491,['chi']
Adriano Oliveira,UFPE,80/3742,"['ai', 'data', 'se', 'vision']"
Adriano Pereira,UFMG,73/6430,"['ai', 'data', 'dbis', 'ir']"
Adriano Veloso,UFMG,12/919,"['graphics', 'ir']"
Adriao Duarte Doria Neto,UFRN,47/1020,['ai']
Afonso Paiva,ICMC/USP,18/4238,"['ai', 'graphics']"
Afonso Sales,PUC-RS,34/2428,['se']
Agma Traina,ICMC/USP,t/AgmaJMTraina,"['dbis', 'graphics']"
Alan Valejo,UFSCar,149/9198,"['ai', 'net']"
Alba Melo,UnB,m/AlbaCMAMelo,"['arch', 'dbis', 'ds']"
Alberto Ferreira De Souza,UFES,82/3659,"['ai', 'graphics', 'vision']"
Alberto Laender,UFMG,l/AHFLaender,['dbis']
Alberto Raposo,PUC-Rio,r/AlbertoBarbosaRaposo,"['chi', 'graphics']"
Alberto Schaeffer Filho,UFRGS,89/1649,"['ds', 'net']"
Alceu Souza Britto,PUCPR,98/5101,"['ai', 'data', 'graphics', 'security', 'vision']"
Aldebaro Klautau,FCT/UFPA,44/1366,['net']
Aldo von Wangenhein,UFSC,w/AldovonWangenheim,"['robotics', 'vision']"
Aldri dos Santos,UFMG,85/7266,"['dbis', 'net', 'security']"
Alejandro Frery,UFAL,f/ACFrery,['ai']
Alessandra Alaniz Macedo,FFCLRP/USP,m/AlessandraAMacedo,['bio']
Alessandro Garcia,PUC-Rio,g/AlessandroFGarcia,['se']
Aleteia de Araujo,UnB,38/2179,"['arch', 'bio', 'dbis', 'ds', 'net']"
Alex Sandro Gomes,UFPE,43/5447,"['ai', 'cse']"
Alex Sandro Roschildt Pinto,UFSC,97/1179,['ds']
Alex Vieira,UFJF,02/4387,"['ai', 'data', 'dbis', 'graphics', 'net', 'robotics']"
Alexandre Delbem,ICMC/USP,92/3940,"['ai', 'ds']"
Alexandre Falcao,UNICAMP,f/AlexandreXFalcao,"['data', 'graphics', 'vision']"
Alexandre Levada,UFSCar,35/3314,"['graphics', 'vision']"
Alexandre Mota,UFPE,m/AlexandreMota,"['formal', 'pl', 'se']"
Alexandre Plastino,UFF,54/401,"['ai', 'bio', 'data', 'ds', 'ir', 'or', 'se']"
Alexandre Rossi Paschoal,UTFPR,223/7311,['bio']
Alexandre Salles da Cunha,UFMG,18/1842,['or']
Alexandre Sena,UERJ,73/1177,['arch']
Alexandre Sztajnberg,UERJ,92/4374,['ai']
Alexandre Vasconcelos,UFPE,71/4614,['se']
Alexandro Baldassin,UNESP,22/3545,"['ai', 'arch', 'graphics', 'pl']"
Alfredo Goldman,IME/USP,g/AlfredoGoldman,"['arch', 'ds', 'hardware', 'se']"
Aline Paes,UFF,95/4928,"['ai', 'arch', 'data', 'ds', 'ir']"
Aline Villavicencio,UFRGS,v/AlineVillavicencio,"['ai', 'vision']"
Alisson Vasconcelos de Brito,UFPB,35/5746,"['graphics', 'robotics']"
Alneu de Andrade Lopes,ICMC/USP,60/5946,"['ai', 'data', 'theory']"
Altair Olivo Santin,PUCPR,38/5417,"['arch', 'net', 'security']"
Altigran Silva,UFAM,s/ASdaSilva,"['arch', 'data', 'ir', 'se']"
Aluizio Araujo,UFPE,a/AFRAraujo,"['ai', 'graphics', 'robotics']"
Alvaro Fazenda,UNIFESP,08/2528-1,['arch']
Alvaro Moreira,UFRGS,50/3403,['formal']
Amauri Holanda de Souza Junior,IFCE,131/3352,"['ai', 'data']"
Ana Bazzan,UFRGS,b/AnaLCBazzan,"['ai', 'arch', 'data']"
Ana Carolina Lorena,UNIFESP,97/2733,"['ai', 'data']"
Ana Carolina Salgado,UFPE,23/6139,['data']
Ana Cristina Bicharra Garcia,UNIRIO,45/6671,['chi']
Ana Cristina Vendramin,UTFPR,96/9459,['robotics']
Ana Karolinna Maia,UFC,68/9890,['theory']
Ana Paula Couto da Silva,UFMG,47/2795,"['arch', 'ir']"
Ana Teresa Martins,UFC,59/1719,['theory']
Anamaria Moreira,DCC/UFRJ,17/3197,"['dbis', 'formal']"
Anand Subramanian,UFPB,37/882-1,"['net', 'or']"
Anarosa Brandao,POLI/USP,68/870,['ir']
Anderson Chaves Carniel,UFSCar,122/8350,"['data', 'dbis', 'ds']"
Anderson Faustino,UEM,87/6562,"['arch', 'pl']"
Anderson Maciel,UFRGS,72/4175,"['chi', 'graphics']"
Anderson Rocha Tavares,UFRGS,156/7135,"['ai', 'bio']"
Anderson Rocha,UNICAMP,81/2446,"['ai', 'security', 'vision']"
Anderson Uchoa,UFC,199/5439,['se']
Andre Backes,UFU,72/1363,"['ai', 'ds', 'vision']"
Andre Coelho,UNIFOR,c/AndreLVCoelho,"['ai', 'data']"
Andre Drummond,UnB,72/6853,['net']
Andre Endo,UFSCar,55/7526,['se']
Andre Freire,UFLA,32/6218,"['chi', 'graphics', 'se']"
Andre Fujita,IME/USP,77/7012,['data']
Andre Grahl Pereira,UFRGS,17/8199,['ai']
Andre Gregio,UFPR,115/4570,"['ai', 'ds', 'security']"
Andre Gustavo dos Santos,UFV,84/525,['or']
Andre Hora,UFMG,54/7440,['se']
Andre Inacio Reis,UFRGS,29/1197,['hardware']
Andre Kashiwabara,UTFPR,155/2609,['bio']
Andre Luis Vignatti,UFPR,163/8277,"['data', 'theory']"
Andre Luiz Lins de Aquino,UFAL,13/5158,"['ai', 'arch', 'net', 'or']"
Andre Luiz Pires Guedes,UFPR,88/5206,['theory']
Andre Ponce de Leon Carvalho,ICMC/USP,c/ACPLFdCarvalho,"['ai', 'bio', 'data', 'vision']"
Andre Rauber du Bois,UFPEL,21/3472,['pl']
Andre Renato Sales Amaral,UFES,92/3519,"['ai', 'or']"
Andre Renato Villela da Silva,UFF,67/7433,['or']
Andre Rossi,UNESP,86/4146,"['ai', 'or', 'theory']"
Andre Santos,UFPE,s/AndreSantos,['se']
Andre Schneider de Oliveira,UTFPR,160/1451,"['ai', 'robotics']"
Andrea Bianchi,UFOP,56/8906,['ai']
Andreia Malucelli,PUCPR,82/191,"['chi', 'se']"
Andrey Brito,UFCG,25/4955,"['arch', 'data', 'ds']"
Andrey Pimentel,UFPR,70/2041,['se']
Anelise Munaretto,UTFPR,09/2276,"['ai', 'robotics']"
Anisio Lacerda,UFMG,90/844,['data']
Anna Costa,POLI/USP,r/AnnaHelenaRealiCosta,"['ai', 'ir']"
Anne Canuto,UFRN,c/AnneMPCanuto,"['ai', 'data']"
Anselmo Cardoso de Paiva,UFMA,p/AnselmoCardosodePaiva,"['ai', 'graphics', 'vision']"
Anselmo Montenegro,UFF,21/6489,['graphics']
Antonio Abelem,UFPA,16/7815,['net']
Antonio Alfredo Ferreira Loureiro,UFMG,l/AntonioAlfredoFerreiraLoureiro,"['data', 'ds', 'net']"
Antonio Apolinario,UFBA,117/8406,['graphics']
Antonio Augusto Medeiros Frohlich,UFSC,43/6521,"['arch', 'hardware', 'security', 'vision']"
Antonio Augusto de Aragao Rocha,UFF,209/2422,"['arch', 'data']"
Antonio Carlos Schneider Beck,UFRGS,02/7021,"['arch', 'ds', 'hardware']"
Antonio Sementille,UNESP,86/1502,['graphics']
Antonio Tadeu Gomes,LNCC,96/1748,['arch']
Aparecido Marana,UNESP,36/1416,"['ai', 'graphics']"
Arilo Dias Neto,UFAM,27/11253,['se']
Arnaldo Araujo,UFMG,a/ArnaldodeAlbuquerqueAraujo,"['graphics', 'vision']"
Arthur Francisco Lorenzon,UFRGS,160/4663,"['arch', 'ds', 'hardware', 'net']"
Artur Ziviani,LNCC,47/772,"['data', 'net']"
Asla Medeiros,FGV,33/5048,['graphics']
Augusto Jose Venancio Neto,UFRN,88/6376,"['ds', 'net']"
Augusto Sampaio,UFPE,s/AugustoSampaio,"['formal', 'se']"
Auri Vincenzi,UFSCar,05/4141,"['ds', 'se']"
Aurora Pozo,UFPR,p/AuroraPozo,"['ai', 'bio', 'data', 'theory']"
Avelino Zorzo,PUC-RS,z/AvelinoFZorzo,['se']
Awdren Fontao,UFMS,168/6211,['se']
Baldoino Fonseca,UFAL,22/7095,"['chi', 'se']"
Benjamin Bedregal,UFRN,32/3731,"['ai', 'data']"
Bernardo Pereira Nunes,PUC-Rio,08/10894,['ir']
Berthier Ribeiro,UFMG,r/BerthierARibeiroNeto,['ai']
Bianchi Meiguins,UFPA,30/3961,['graphics']
Breno Bernard Nicolau de Franca,UNICAMP,122/4837,"['net', 'se']"
Breno Miranda,UFPE,119/0420,['se']
Bruno Cafeo,UNICAMP,46/10082,['se']
Bruno Cartaxo,IFPE,144/8274,"['ai', 'se']"
Bruno Castro da Silva,UFRGS,75/3139,"['ai', 'data']"
Bruno Costa e Silva Nogueira,UFAL,26/440,"['ai', 'arch', 'ds', 'or']"
Bruno Feijo,PUC-Rio,36/3530,['se']
Bruno Gadelha,UFAM,77/7361,['se']
Bruno Jefferson Pessoa,UFPB,128/5727,['or']
Bruno Kimura,UNIFESP,36/804,"['graphics', 'net']"
Bruno Lopes Dalmazo,FURG,50/8505,['ai']
Bruno Nogueira,UFMS,73/991,"['ai', 'data', 'se']"
Bruno Petrato Bruck,UFPB,117/4692,['or']
Bruno Queiroz Pinto,IFTM,225/5123,['or']
Bruno Schulze,LNCC,27/729,"['arch', 'ds']"
Bruno Souza,UFMA,60/29,['data']
Bruno Travencolo,UFU,63/5088,"['ai', 'bio', 'graphics', 'vision']"
Bruno Zatt,UFPEL,33/2753,"['graphics', 'hardware', 'vision']"
Caetano Traina,ICMC/USP,t/CaetanoTrainaJr,['graphics']
Camilo Almendra,UFC,252/8867,['se']
Carina Dorneles,UFSC,74/2312,['ir']
Carina Frota Alves,UFPE,93/9961,['se']
Carla Delgado,DCC/UFRJ,51/3466,['ai']
Carla Freitas,UFRGS,f/CarlaMDSFreitas,"['chi', 'graphics', 'se']"
Carla Osthoff,LNCC,76/6443,"['arch', 'ds']"
Carla Taciana,UFPE,06/4462,['se']
Carla Westphall,UFSC,w/CarlaMerkleWestphall,['net']
Carlos Alberto Vieira Campos,UNIRIO,83/4679,['net']
Carlos Alexandre Barros de Mello,UFPE,48/6569,['ai']
Carlos Becker Westphall,UFSC,b/CarlosBeckerWestphall,['net']
Carlos Eduardo Santos Pires,UFCG,59/4336,"['arch', 'dbis', 'ir']"
Carlos Eduardo da Silva,UFRN,78/7056,['se']
Carlos Ferraz,UFPE,31/2870,['ds']
Carlos Kamienski,UFABC,74/2714,"['ai', 'net']"
Carlos Lima,UFCA,137/5112,"['or', 'theory']"
Carlos Lucena,PUC-Rio,l/CarlosJosePereiradeLucena,['se']
Carlos Maziero,UFPR,m/CarlosMaziero,['net']
Carlos Olarte,UFRN,o/CarlosOlarte,['formal']
Carlos Silla,PUCPR,38/3598,"['ai', 'data', 'graphics']"
Carmem Hara,UFPR,26/3914,['dbis']
Cassio Prazeres,UFBA,06/710,"['arch', 'ds', 'net']"
Celia Ralha,UnB,09/2442,"['ai', 'arch', 'net']"
Celina de Figueiredo,COPPE/UFRJ,09/5415,"['or', 'theory']"
Celio Vinicius Neves de Albuquerque,UFF,40/809,"['graphics', 'net', 'security']"
Celso Massaki Hirata,ITA,h/CelsoMassakiHirata,['arch']
Celso Ribeiro,UFF,26/4167,"['data', 'or']"
Celso Saibel Santos,UFES,s/CelsoAlbertoSaibelSantos,"['chi', 'graphics']"
Cesar Augusto Fonticielha De Rose,PUC-RS,95/5199,"['arch', 'dbis', 'ds']"
Cesar Augusto Marcon,PUC-RS,13/6510,"['arch', 'hardware', 'net', 'vision']"
Cesar Comin,UFSCar,85/10263,['vision']
Cesar Lincoln Mattos,UFC,150/2808,"['ai', 'data', 'se']"
Cesar Tacla,UTFPR,75/4008,['formal']
Christian Rothenberg,FEEC/UNICAMP,70/2654,['net']
Christiane Neme Campos,UNICAMP,65/1977,"['or', 'theory']"
Christiane von Wangenheim,UFSC,w/ChristianeGressevonWangenheim,"['chi', 'cse']"
Cid Carvalho de Souza,UNICAMP,42/819,['or']
Claudia Bauzer Medeiros,UNICAMP,m/CBMedeiros,['chi']
Claudia Cappelli,UNIRIO,20/5813,['dbis']
Claudia Linhares Sales,UFC,08/5881,['theory']
Claudia Nalon,UnB,61/6528,['formal']
Claudine Badue,UFES,12/97,"['ai', 'graphics', 'vision']"
Claudio Amorim,COPPE/UFRJ,05/439,['net']
Claudio Esperanca,COPPE/UFRJ,68/813,['graphics']
Claudio Jung,UFRGS,07/5754,"['graphics', 'vision']"
Claudio Toledo,ICMC/USP,07/5259,"['ai', 'or']"
Claudio de Souza Baptista,UFCG,b/ClaudiodeSouzaBaptista,['ai']
Claudomiro Sales,UFPA,181/6614,"['ai', 'security']"
Claudson Bornstein,DCC/UFRJ,93/6594,['theory']
Cleber Zanchettin,UFPE,75/5629,"['ai', 'security', 'vision']"
Cleidson Souza,UFPA,29/7640,"['chi', 'se']"
Clodoveu Davis,UFMG,d/ClodoveuADavis,['or']
Creto Vidal,UFC,85/3970,['graphics']
Cristian Cechinel,UFPEL,50/8769,"['ai', 'arch']"
Cristiana Bentes,UERJ,b/CristianaBentes,"['arch', 'ds']"
Cristiano Arbex Valle,UFMG,21/2276,['or']
Cristiano Bonato Both,Unisinos,07/2040,['net']
Cristiano Costa,Unisinos,14/3505,"['ai', 'arch', 'data', 'net', 'vision']"
Cristiano Maciel da Silva,UFSJ,147/1083,"['ai', 'graphics']"
Cristiano Maciel,UFMT,62/5474,['chi']
Cristina Boeres,UFF,89/6061,"['arch', 'ds']"
Cristina Ciferri,ICMC/USP,13/4069,"['data', 'dbis', 'ds']"
Cristina Fernandes,IME/USP,58/4840,"['or', 'theory']"
Cristina Meinhardt,FURG,38/1116,['hardware']
Cristina Nader Vasconcelos,UFF,37/135,"['data', 'graphics', 'vision']"
Dalvan Griebler,PUC-RS,135/0603,"['arch', 'ds']"
Daniel Batista,IME/USP,20/833,['net']
Daniel Carlos Guimaraes Pedronette,UNESP,49/1183,"['ai', 'data', 'ds', 'graphics', 'ir', 'vision']"
Daniel Carvalho da Cunha,UFPE,203/8737,['net']
Daniel Cordeiro,EACH/USP,50/6986,"['arch', 'ds']"
Daniel Fernandes Macedo,UFMG,74/2460,['net']
Daniel Figueiredo,COPPE/UFRJ,46/4473,"['data', 'theory']"
Daniel Fireman,IFAL,45/6617,"['arch', 'ds']"
Daniel Guidoni,UFSJ,86/4704,"['ai', 'net']"
Daniel Kaster,UEL,k/DanielSKaster,['dbis']
Daniel Lucredio,UFSCar,74/3613,"['dbis', 'se']"
Daniel Menasche,DCC/UFRJ,44/4915,"['ai', 'ds', 'net', 'security']"
Daniel Osaku,UFSCar,77/10105,['vision']
Daniel Schwabe,PUC-Rio,s/DanielSchwabe,['bio']
Daniel Weingaertner,UFPR,94/5519,['ai']
Daniel de Oliveira,UFF,68/7553-1,"['ai', 'arch', 'dbis', 'ds', 'graphics']"
Daniela Trevisan,UFF,t/DanielaGorskiTrevisan,"['chi', 'graphics']"
Danilo Barbosa Coimbra,UFBA,11/9477,"['graphics', 'theory']"
Danilo Sanches,UTFPR,202/9057,"['ai', 'bio']"
Dario Aloise,UERN,80/297,['or']
Davi Viana,UFMA,117/5583,"['ai', 'cse', 'graphics', 'se']"
David Menotti,UFPR,10/2834,"['ai', 'graphics', 'security', 'vision']"
Debora Maria Barroso Paiva,UFMS,11/6879,['se']
Debora Muchaluat Saade,UFF,21/5891,"['graphics', 'net']"
Denilson Pereira,UFLA,156/4573,['ai']
Denis Fernando Wolf,ICMC/USP,97/3033,"['ai', 'robotics']"
Denis Maua,IME/USP,53/10263,['ai']
Denis Rosario,UFPA,61/7821,['net']
Diana Adamatti,FURG,87/4374,['theory']
Diana Sasaki Nobrega,UERJ,03/9926,"['or', 'theory']"
Diego Amancio,ICMC/USP,72/10670,"['ai', 'data']"
Diego Dermeval,UFAL,50/365,['ai']
Diego Gimenez Passos,UFF,47/4581,"['graphics', 'net', 'security']"
Diego Mesquita,FGV,163/4293,"['ai', 'data', 'se']"
Diego Silva,ICMC/USP,124/2376,"['ai', 'data']"
Dilson Lucas Pereira,UFLA,80/4607,['or']
Divanilson Campelo,UFPE,76/5873,"['arch', 'net']"
Djamel Sadok,UFPE,s/DjamelSadok,"['ai', 'arch', 'ds', 'graphics', 'net', 'robotics']"
Dorgival Guedes,UFMG,n/DorgivalOlavoGuedesNeto,['arch']
Douglas Guimaraes Macharet,UFMG,23/7609,"['net', 'robotics', 'vision']"
Douglas Rodrigues,UFSCar,43/10170,['ai']
Ecivaldo de Souza Matos,UFBA,78/3190,['chi']
Edison Pignaton de Freitas,UFRGS,96/3201,"['ai', 'net', 'robotics']"
Edleno de Moura,UFAM,m/EdlenoSilvadeMoura,"['data', 'ir']"
Edmundo Madeira,UNICAMP,m/EdmundoRobertoMauroMadeira,"['arch', 'ds', 'net']"
Edmundo de Souza e Silva,COPPE/UFRJ,96/5137,['net']
Edna Dias Canedo,UnB,118/8796,"['chi', 'se']"
Edson Borin,UNICAMP,55/608,"['ai', 'arch', 'ds', 'graphics']"
Edson Caceres,UFMS,c/EdsonCaceres,['arch']
Edson Matsubara,UFMS,66/2176,['ai']
Edson OliveiraJr,UEM,04/2051,['se']
Edson Prestes e Silva,UFRGS,38/4107,['robotics']
Eduardo Alchieri,UnB,06/2528,"['arch', 'ds', 'net']"
Eduardo Almeida,UFBA,a/EduardoSantanadeAlmeida,['se']
Eduardo Antonio Guimaraes Tavares,UFPE,t/EduardoTavares,"['arch', 'ds', 'or']"
Eduardo Aranha,UFRN,31/1490,['net']
Eduardo Candido Xavier,UNICAMP,00/4728,"['or', 'theory']"
Eduardo Cerqueira,FCT/UFPA,18/4139,['net']
Eduardo Cunha de Almeida,UFPR,53/2190,"['arch', 'dbis', 'ir']"
Eduardo Feitosa,UFAM,37/8061,"['ai', 'security']"
Eduardo Figueiredo,UFMG,03/335,"['ds', 'se']"
Eduardo Gastal,UFRGS,71/8697,"['graphics', 'vision']"
Eduardo Nakamura,UFAM,86/0,['bio']
Eduardo Nunes Borges,FURG,33/4798,['ai']
Eduardo Ogasawara,CEFET-RJ,24/788,"['ai', 'se']"
Eduardo Sany Laber,PUC-Rio,49/5557,"['ai', 'data', 'theory', 'vision']"
Eduardo Souto,UFAM,84/1320,"['ai', 'security']"
Eduardo Todt,UFPR,91/2657,['robotics']
Edward Hermann Haeusler,PUC-Rio,93/6371,['formal']
Edward Moreno,UFS,m/EdwardDMoreno,['ds']
Eiji Adachi Barbosa,IMD/UFRN,47/10086,['se']
Elaine Oliveira,UFAM,193/1016,"['ai', 'chi', 'cse', 'se']"
Elaine Pimentel,UFRN,53/5809,['formal']
Elaine Ribeiro de Faria,UFU,79/1997,"['ai', 'graphics', 'security']"
Eliane Pozzebon,UFSC,57/4546,['data']
Elias Duarte,UFPR,02/3940,"['arch', 'net', 'theory']"
Elisa Yumi Nakagawa,ICMC/USP,67/5214,"['cse', 'se']"
Elizabeth Furtado,UNIFOR,55/6805,"['chi', 'ir']"
Elizabeth Goldbarg,UFRN,g/EFGouveaGoldbarg,"['ai', 'or']"
Elizabeth Wanner,CEFET-MG,63/1340,"['ai', 'or']"
Ellen Barbosa,ICMC/USP,66/2060,['cse']
Elmar Melcher,UFCG,60/6732,['graphics']
Emanuele Santos,UFC,42/3050,['graphics']
Emerson Carlos Pedrino,UFSCar,76/8293,"['ai', 'chi']"
Emerson Paraiso,PUCPR,33/4345,['ai']
Emilio Francesquini,UFABC,121/4593,['ai']
Enyo Goncalves,UFC,180/8353,['se']
Erickson Rangel do Nascimento,UFMG,92/7785,"['data', 'graphics', 'robotics', 'vision']"
Erika Cota,UFRGS,c/ErikaFCota,['formal']
Ernesto Birgin,IME/USP,21/829,"['ai', 'or']"
Esteban Clua,UFF,59/5772,"['ai', 'arch', 'graphics', 'se', 'vision']"
Esther Luna Colombini,UNICAMP,63/6586,"['ai', 'robotics']"
Evandro Costa,UFAL,04/6610,"['ai', 'graphics']"
Everton Alves,UFCG,34/7512,['se']
Ezequiel Roberto Zorzal,UNIFESP,42/6370,['graphics']
Fabiane Barreto Vavassori Beniti,UFSC,58/10759,['se']
Fabiano Ferrari,UFSCar,48/5007,"['ds', 'se']"
Fabiano Passuelo Hessel,PUC-RS,33/5648,['net']
Fabio Augusto Faria,UNIFESP,10/10071,"['arch', 'vision']"
Fabio Cappabianco,UNIFESP,22/6341,['vision']
Fabio Costa,UFG,01/6284,['ds']
Fabio Cozman,POLI/USP,g/FabioGagliardiCozman,"['ai', 'data', 'ir']"
Fabio Gomes Rocha,UNIT,246/8332,['se']
Fabio Kon,IME/USP,k/FabioKon,"['ds', 'se']"
Fabio Luiz Usberti,UNICAMP,37/7058,['or']
Fabio Mascarenhas,DCC/UFRJ,80/5193,['pl']
Fabio Porto,LNCC,p/FabioPorto,"['ai', 'arch', 'bio', 'dbis', 'ds']"
Fabio Protti,UFF,61/2851,"['or', 'theory']"
Fabio Q. B. da Silva,UFPE,66/5081,['se']
Fabio Verdi,UFSCar,40/654,"['arch', 'net', 'se']"
Fabiola Nakamura,UFAM,15/39,['bio']
Fabiola Pereira,UFU,16/1502,['graphics']
Fabricio Benevenuto,UFMG,90/2878,"['data', 'ir']"
Fabricio Breve,UNESP,70/3284,['ai']
Fabricio Enembreck,PUCPR,90/6263,"['ai', 'vision']"
Fabricio Martins Lopes,UTFPR,32/4623,['bio']
Fabricio Murai,UFMG,30/9221,"['ai', 'arch', 'data', 'ir']"
Fabricio Olivetti de Franca,UFABC,92/5258,"['ai', 'data']"
Fatima Nunes,EACH/USP,87/8751,"['ai', 'bio', 'chi', 'graphics']"
Felipe Franca,COPPE/UFRJ,f/FelipeMaiaGalvaoFranca,"['ai', 'arch', 'ds', 'hardware', 'or', 'robotics']"
Felipe Louza,UFU,30/9961,"['bio', 'theory']"
Felipe Meneguzzi,PUC-RS,10/985,['ai']
Felipe de Souza Marques,UFPEL,28/3459,['hardware']
Fernanda Alencar,UFPE,31/5316,['arch']
Fernanda Baiao,UNIRIO,b/FAraujoBaiao,"['ai', 'dbis']"
Fernanda Campos,UFJF,30/3085,['ds']
Fernanda Lima,UnB,20/5847,['se']
Fernando Castor,UFPE,f/FCFilho,['se']
Fernando Dotti,PUC-RS,22/512,"['arch', 'ds']"
Fernando Figueira Filho,UFRN,27/902,"['chi', 'se']"
Fernando Gehm Moraes,PUC-RS,m/FernandoGehmMoraes,['hardware']
Fernando Maciano de Paula Neto,UFPE,174/3576,"['ai', 'data']"
Fernando Osorio,ICMC/USP,00/5455,['ai']
Fernando Paulovich,ICMC/USP,63/3726,['graphics']
Fernando Pereira,UFMG,p/FMQPereira,"['arch', 'pl']"
Fernando Von Zuben,FEEC/UNICAMP,76/1954,"['ai', 'data', 'or']"
Filipe Saraiva,UFPA,150/4160,['se']
Flavia Bernardini,UFF,88/5413,"['dbis', 'graphics']"
Flavia Delicato,DCC/UFRJ,88/4289,"['arch', 'ds', 'ir', 'net']"
Flavia Santoro,UNIRIO,33/6173,['dbis']
Flavio Figueiredo,UFMG,98/7536,"['arch', 'data', 'net']"
Flavio Keidi Miyazawa,UNICAMP,m/FlavioKeidiMiyazawa,"['or', 'theory']"
Flavio Silva,UFU,02/979,"['arch', 'graphics', 'net']"
Francicleber Ferreira,UFC,92/87,['theory']
Francisco Heron de Carvalho,UFC,32/1402,"['arch', 'se']"
Francisco Jose Monaco,ICMC/USP,78/599,['ai']
Francisco Tenorio de Carvalho,UFPE,65/6740,"['ai', 'data', 'vision']"
Francisco Vilar Brasileiro,UFCG,b/FranciscoVilarBrasileiro,['arch']
Frank Siqueira,UFSC,32/5988,['arch']
Fred Freitas,UFPE,94/2962,['ai']
Frederico Durao,UFBA,22/4396,['ai']
Frederico Gadelha Guimaraes,UFMG,04/4216,"['ai', 'arch', 'graphics', 'net', 'or']"
Gabriel Coutinho,UFMG,173/4609,['theory']
Gabriel Luca Nazar,UFRGS,18/9853,"['hardware', 'net']"
Gabriel de Oliveira Ramos,Unisinos,133/2299,"['ai', 'robotics']"
Gecynalda Gomes,UFBA,121/2513,['ai']
Genaina Rodrigues,UnB,34/64,"['ds', 'robotics', 'se']"
George Cavalcanti,UFPE,57/458,"['ai', 'data', 'hardware', 'vision']"
George Lima,UFBA,07/2481,['ds']
George Teodoro,UFMG,78/87,"['arch', 'bio', 'dbis']"
Geraldo Pereira Rocha Filho,UnB,141/9518,"['ai', 'arch', 'graphics', 'net']"
Geraldo Robson Mateus,UFMG,20/1803,"['ai', 'net', 'or']"
Gerberth Adin Ramirez Rivera,UNICAMP,85/9834,"['ai', 'data', 'vision']"
Gerson Geraldo Cavalheiro,UFPEL,c/GGHCavalheiro,['arch']
Gerson Zaverucha,COPPE/UFRJ,53/3165,"['data', 'net']"
Giancarlo Guizzardi,UFES,11/78,"['bio', 'dbis', 'se']"
Gilberto Farias de Souza Filho,UFPB,121/8737,"['or', 'theory']"
Gilson Giraldi,LNCC,05/6423,"['ai', 'graphics']"
Gisele Pappa,UFMG,59/701,"['ai', 'data', 'or']"
Glauco Carneiro,UNIFACS,93/3808,['se']
Gleison Santos,UNIRIO,78/2800,['se']
Gracaliz Dimuro,FURG,79/36,"['ai', 'data']"
Guido Araujo,UNICAMP,a/GuidoAraujo,"['arch', 'hardware', 'pl']"
Guilherme Avelino,UFPI,167/4627,['se']
Guilherme Cavalcanti,IFAL,170/6113,['se']
Guilherme Maia,UFMG,97/7509,"['arch', 'net']"
Guilherme Oliveira Mota,IME/USP,204/5903,['theory']
Guilherme Pimentel Telles,UNICAMP,71/2226,['theory']
Guilherme Ribeiro Correa,UFPEL,14/8181,['graphics']
Guilherme Sousa Bastos,UNIFEI,166/2034,['robotics']
Guilherme Travassos,COPPE/UFRJ,t/GuilhermeTravassos,"['chi', 'se']"
Guilherme de Castro Mendes Gomes,UFMG,121/4247,"['data', 'theory']"
Gustavo Batista,ICMC/USP,85/1649,"['ai', 'data', 'robotics', 'security']"
Gustavo Carvalho,UFPE,44/3540,['formal']
Gustavo Figueiredo,UFBA,118/4005,"['arch', 'net']"
Gustavo Gimenez Lugo,UTFPR,l/GustavoGimenezLugo,['ai']
Gustavo Pavani,UFABC,79/2008,['net']
Gustavo Pessin,ITV,59/7537,"['ai', 'arch', 'net', 'robotics']"
Gustavo Pinto,UFPA,36/11116-1,"['chi', 'se']"
Haniel Barbosa,UFMG,116/5052,['formal']
Hansenclever Bassani,UFPE,93/6335,['robotics']
Haroldo Gambini Santos,UFOP,86/1473,['or']
Heiko Hornung,UNICAMP,32/9821,['chi']
Heitor Costa,UFLA,42/7676,['se']
Heitor Ramos,UFMG,36/7384,"['data', 'net', 'security']"
Heitor Silverio Lopes,UTFPR,l/HeitorSilverioLopes,"['ai', 'vision']"
Helida Salles Santos,FURG,74/4379,['ai']
Helio Crestana Guardia,UFSCar,53/1466,['arch']
Helio Lopes,PUC-Rio,25/6137,"['chi', 'dbis', 'graphics', 'ir', 'se', 'vision']"
Helio Pedrini,UNICAMP,60/2361,"['ai', 'bio', 'graphics', 'net', 'security', 'vision']"
Henrique Cota de Freitas,PUC Minas,13/4670,"['arch', 'ds']"
Henrique Rebelo,UFPE,27/5017,['se']
Hermano Moura,UFPE,03/6598,['se']
Hermes Senger,UFSCar,23/4124,"['arch', 'data', 'net']"
Herve Yviquel,UNICAMP,21/10574,"['arch', 'pl']"
Higor Amario de Souza,UNESP,139/7050,['se']
Horacio Hideki Yanasse,UNIFESP,42/2992,['or']
Hudson Borges,UFMS,119/0140,['se']
Humberto Marques,PUC Minas,49/2329,['ir']
Humberto Rezente,UFU,86/470,"['cse', 'dbis']"
Hyggo Almeida,UFCG,76/859,"['data', 'se']"
Ig Ibert Bittencourt,UFAL,11/2860,['ai']
Igor Machado Coelho,UERJ,89/8466,"['arch', 'or']"
Igor Wiese,UTFPR,06/10439,"['chi', 'se']"
Ingrid Oliveira,UFRGS,48/5352,"['net', 'se']"
Isabel Rosseti,UFF,42/6628,"['ds', 'or']"
Isabela Gasparini,UDESC,83/667,"['ai', 'chi']"
Italo Cunha,UFMG,80/186,"['graphics', 'net']"
Ivan Machado,UFBA,33/9369,['se']
Jacir Bordim,UnB,23/5009,"['ds', 'net']"
Jacques Wainer,UNICAMP,73/4164,"['ai', 'data']"
Jaelson Castro,UFPE,c/JBdCastro,['se']
Jairo Panetta,ITA,39/5694,['arch']
Jamilson Dantas,UFPE,123/2647,['arch']
Janio Carlos Nascimento Silva,IFTO,273/2402,"['or', 'theory']"
Javam Machado,UFC,12/3896,"['dbis', 'ds', 'hardware']"
Jayme Szwarcfiter,COPPE/UFRJ,74/1053,"['or', 'theory']"
Jean Martina,UFSC,24/765,['ir']
Jeferson Campos Nobre,UFRGS,78/7495,"['ai', 'ir', 'net']"
Jefersson dos Santos,UFMG,53/900,"['data', 'graphics', 'vision']"
Jefferson Magalhaes,UFPA,88/2496,['graphics']
Jefferson Souza,UFU,72/7359,['graphics']
Jessyka Vilela,UFPE,132/6555,['se']
Jo Ueyama,ICMC/USP,68/1201,"['ai', 'arch', 'graphics', 'net']"
Joao Bertini,FT/UNICAMP,25/2752,['ai']
Joao Comba,UFRGS,c/JoaoLuizDihlComba,"['ai', 'arch', 'dbis', 'graphics']"
Joao Eduardo Ferreira,IME/USP,69/279,"['dbis', 'ds', 'graphics', 'ir', 'or']"
Joao Fabro,UTFPR,02/6407,['robotics']
Joao Luis Garcia Rosa,ICMC/USP,11/3835,['ai']
Joao Meidanis,UNICAMP,/m/JoaoMeidanis,['bio']
Joao Paixao,DCC/UFRJ,60/10141,['formal']
Joao Paulo Almeida,UFES,91/3408,"['dbis', 'se']"
Joao Paulo Gois,UFABC,61/6783,"['bio', 'graphics', 'vision']"
Joao Paulo Papa,UNESP,96/3441,"['ai', 'data', 'graphics', 'vision']"
Joao Paulo Pordeus Gomes,UFC,163/4376,"['ai', 'data', 'hardware', 'se']"
Joao Paulo Silva do Monte Lima,UFRPE,139/8825,"['ai', 'graphics', 'vision']"
Joaquim Cavalcante,UFC,66/895,['graphics']
Joel Luis Carbonera,UFRGS,121/5033,"['ai', 'dbis', 'robotics']"
Joel Rodrigues,Inatel,25/3419,"['ai', 'arch', 'ds', 'graphics', 'ir', 'net', 'se', 'security']"
Johnny Marques,ITA,128/9841,['se']
Jomi Hubner,UFSC,h/JomiFredHubner,['ai']
Jonatas Wehrmann, PUC-Rio,189/4618,['ai']
Jonathan de Andrade Silva,UFMS,31/1395,['ai']
Jonice Oliveira,DCC/UFRJ,o/JoniceOliveira,"['ai', 'net']"
Jorge Luis Victoria Barbosa,Unisinos,72/3050,"['ai', 'chi', 'robotics', 'se']"
Jose Alfredo Ferreira Costa,UFRN,51/4829,['ai']
Jose Antonio Fernandes de Macedo,UFC,f/JAFernandesdeMacedo,"['ai', 'data', 'dbis']"
Jose Carlos Maldonado,ICMC/USP,28/2292,"['ds', 'se']"
Jose Fernando Rodrigues Junior,ICMC/USP,r/JoseFernandoRodriguesJr,"['data', 'ir', 'vision']"
Jose Ferreira de Rezende,COPPE/UFRJ,r/JoseFerreiradeRezende,['net']
Jose Gustavo Paiva,UFU,40/10398,['graphics']
Jose Luis Guntzel,UFSC,04/3287,['hardware']
Jose Marcos Nogueira,UFMG,n/JoseMarcosSNogueira,"['ai', 'net']"
Jose Maria David,UFJF,63/4089,"['ds', 'se']"
Jose Maria Monteiro,UFC,92/1818,['ai']
Jose Neuman de Souza,UFC,02/4334,['net']
Jose Palazzo de Oliveira,UFRGS,o/JosePalazzoMoreiradeOliveira,"['ai', 'dbis']"
Jose Rodrigo Azambuja,UFRGS,21/1296,"['arch', 'net']"
Jose Suruagy Monteiro,UFPE,76/2855,['net']
Jose Viterbo,UFF,15/374,"['chi', 'dbis', 'vision']"
Juan Colonna,UFAM,118/5111,['bio']
Judith Kelner,UFPE,10/1554,"['ai', 'arch', 'ds', 'graphics', 'net', 'robotics']"
Juliana Alves Pereira,PUC-Rio,139/6642,"['arch', 'se']"
Juliano Iyoda,UFPE,72/4526,"['formal', 'pl']"
Juliano Wickboldt,UFRGS,71/7494,['net']
Julio Cesar Nievola,PUCPR,62/6863,['ai']
Julio Cesar Stacchini de Souza,UFF,184/9658,['arch']
Julio Cezar Estrella,ICMC/USP,19/3166,"['ai', 'ds']"
Julio Dos Reis,UNICAMP,71/7193,"['ai', 'chi']"
Julio Leite,PUC-Rio,l/JCSdoPradoLeite,['se']
Jurandy Almeida,UFSCar,30/2806,"['graphics', 'vision']"
Jussara Almeida,UFMG,34/5480,"['arch', 'dbis', 'graphics', 'ir']"
Kalinka Castelo Branco,ICMC/USP,05/5676,['robotics']
Kamila Rodrigues,ICMC/USP,135/0936,['chi']
Karin Becker,UFRGS,00/3080,"['ai', 'ir']"
Karina Valdivia Delgado,IME/USP,30/6146,"['ai', 'data', 'ir']"
Kate Revoredo,UNIRIO,67/1904,"['dbis', 'se']"
Katia Romero Felizardo,UTFPR,53/8384,"['chi', 'se']"
Kecia Ferreira,CEFET-MG,121/2557,['se']
Kelen Vivaldini,UFSCar,48/9968,"['ai', 'robotics']"
Kelvin Lopes Dias,UFPE,09/4470,"['arch', 'ds', 'net']"
Kiev Gama,UFPE,46/3866,"['chi', 'cse', 'se']"
Kleinner Farias,Unisinos,49/7937,"['ai', 'arch', 'chi', 'se']"
Laercio Pilla,UFSC,75/2582,"['arch', 'ds', 'hardware']"
Lasaro Camargos,UFU,54/1243,['security']
Laura Bahiense,COPPE/UFRJ,21/2237,"['ai', 'or']"
Leandro Balby Marinho,UFCG,59/4973,"['chi', 'dbis', 'ir']"
Leandro Dias da Silva,UFAL,00/2389,"['arch', 'se']"
Leandro Fernandes,UFF,48/5542,"['ai', 'graphics', 'vision']"
Leandro Marzulo,UERJ,61/997,"['arch', 'ds']"
Leandro Silva Galvao de Carvalho,UFAM,48/91,['cse']
Leandro Villas,UNICAMP,64/7382,"['ai', 'arch', 'ds', 'net']"
Lehilton Pedrosa,UNICAMP,117/0708,"['or', 'theory']"
Leila Ribeiro,UFRGS,r/LeilaRibeiro,"['cse', 'formal', 'theory']"
Leliane Nunes de Barros,IME/USP,51/6275,['ai']
Leobino Sampaio,UFBA,56/3926,"['net', 'se']"
Leonardo Barbosa Oliveira,UFMG,22/175,"['data', 'net', 'security']"
Leonardo Cunha de Miranda,UFRN,78/137,['chi']
Leonardo Fernandes,IFAL,207/7225,['se']
Leonardo Montecchi,UNICAMP,30/2196,"['ds', 'se']"
Leonardo Murta,UFF,25/3645,"['ai', 'dbis', 'se']"
Leonardo Ramos Emmendorfer,FURG,91/29,['ai']
Leonardo da Rocha,UFSJ,89/1792,"['ai', 'dbis', 'ir']"
Leopoldo Teixeira,UFPE,62/8372,['se']
Leticia Peres,UFPR,72/593,['dbis']
Leticia Rittner,FEEC/UNICAMP,36/2977,['graphics']
Leticia dos Santos Machado,UFRGS,145/7688,"['chi', 'se']"
Levi Lelis,UFV,82/7788,"['ai', 'data']"
Li Weigang,UnB,l/WeigangLi,"['ai', 'arch', 'graphics', 'net']"
Lilian Berton,UNIFESP,48/8572,"['ai', 'data', 'vision']"
Lina Garces,UNIFEI,165/9276,['se']
Lincoln Rocha,UFC,31/6913,['se']
Linnyer Ruiz,UEM,76/825,"['ai', 'ds', 'net']"
Liria Sato,POLI/USP,94/109,"['data', 'ds']"
Lisandro Zambenedetti Granville,UFRGS,52/4475,"['net', 'security']"
Loana Tito Nogueira,UFF,79/4445,['or']
Loic Cerf,UFMG,43/3578,['data']
Lucas Francisco da Matta Vegi,UFV,32/10803,['se']
Lucas Schnorr,UFRGS,57/3743,['arch']
Lucas Wanner,UNICAMP,w/LucasFranciscoWanner,"['arch', 'hardware']"
Luci Pirmez,NCE/UFRJ,32/4359,['net']
Lucia Drummond,UFF,41/2824,"['arch', 'ds']"
Luciana Buriol,UFRGS,b/LucianaSBuriol,"['ai', 'or']"
Luciana Foss,UFPEL,24/37,['ai']
Luciana Lourdes Silva,IFMG,93/9384,['se']
Luciana Porcher Nedel,UFRGS,60/2597,"['chi', 'graphics']"
Luciana Rech,UFSC,30/3196,['arch']
Luciana Zaina,UFSCar,71/8694,"['chi', 'cse', 'graphics', 'net', 'se']"
Luciano Araujo,EACH/USP,97/6041,['graphics']
Luciano Barbosa,UFPE,80/468,"['ai', 'dbis']"
Luciano Gaspary,UFRGS,g/LPGaspary,"['graphics', 'net']"
Luciano Oliveira,UFBA,79/3141,['ai']
Luciano Silva,UFPR,69/2301,"['chi', 'data', 'graphics', 'vision']"
Lucidio Formiga Cabral,UFPB,92/2618,"['or', 'theory']"
Lucineia Heloisa Thom,UFRGS,29/181,"['dbis', 'se']"
Lucio Mauro Duarte,UFRGS,53/6206,['formal']
Luerbio Faria,UERJ,62/1933,"['or', 'theory']"
Luidi Simonetti,COPPE/UFRJ,24/7061,['or']
Luigi Carro,UFRGS,25/5214,"['arch', 'ds', 'hardware']"
Luis Antonio Kowada,UFF,54/4829,"['bio', 'theory']"
Luis Carlos De Bona,UFPR,78/3197,"['ds', 'net']"
Luis Gustavo Nonato,ICMC/USP,59/17,"['data', 'graphics', 'vision']"
Luis Henrique Costa,COPPE/UFRJ,51/7019,"['hardware', 'net']"
Luis Lamb,UFRGS,l/LCLamb,['ai']
Luis Marti Orosa,UFF,46/4895,['ai']
Luis Zarate,PUC Minas,05/1768,"['ai', 'data', 'vision']"
Luiz Andre Paes Leme,UFF,75/6273,['dbis']
Luiz Chaimowicz,UFMG,c/LuizChaimowicz,"['arch', 'net', 'robotics']"
Luiz Claudio Villar dos Santos,UFSC,121/4418,['hardware']
Luiz Eduardo Soares Oliveira,UFPR,o/LuizSOliveira,"['ai', 'data', 'security', 'vision']"
Luiz Fernando Bittencourt,UNICAMP,76/6740,"['arch', 'ds', 'ir', 'net']"
Luiz Filipe Vieira,UFMG,41/3075,"['net', 'or']"
Luiz Gonzaga,Unisinos,133/7509,"['arch', 'data', 'vision']"
Luiz Gustavo Leao Fernandes,PUC-RS,f/LuizGustavoFernandes,"['arch', 'ds']"
Luiz Henrique Merschmann,UFLA,80/1853,"['graphics', 'or']"
Luiz Henrique de Figueiredo,IMPA,92/7002,['graphics']
Luiz Marcos Goncalves,UFRN,90/6529,"['graphics', 'robotics']"
Luiz Satoru Ochi,UFF,o/LuizSatoruOchi,"['ai', 'data', 'graphics', 'net', 'or', 'theory']"
Luiza Mourelle,UERJ,20/999,"['ai', 'arch', 'graphics']"
Magnos Martinello,UFES,15/1775,['net']
Manoel Bezerra Campelo Neto,UFC,65/3124,"['or', 'theory']"
Manoel Mendonca,UFBA,m/ManoelGMendonca,['se']
Manoela Milena Oliveira da Silva,UFPE,140/9463,['chi']
Manuel Oliveira,UFRGS,o/MMOliveira,"['graphics', 'vision']"
Mara Abel,UFRGS,a/MaraAbel,"['ai', 'dbis']"
Marcel Oliveira,UFRN,15/2751,"['formal', 'se']"
Marcelle Mota,UFPA,182/3135,"['chi', 'graphics']"
Marcelo Albertini,UFU,61/6050,"['arch', 'data', 'ds', 'graphics']"
Marcelo Fantinato,EACH/USP,83/468,"['arch', 'data', 'dbis', 'se']"
Marcelo Finger,IME/USP,50/3312,['formal']
Marcelo Guimaraes,UNIFESP,94/7698,['graphics']
Marcelo Henriques Carvalho,UFMS,123/7718,['theory']
Marcelo Ladeira,UnB,40/407,['ai']
Marcelo Lobosco,UFJF,09/5624,['bio']
Marcelo Maia,UFU,97/4668,['se']
Marcelo Manzato,ICMC/USP,66/6266,"['ai', 'chi', 'data', 'graphics']"
Marcelo Marotta,UnB,122/5307,"['arch', 'net']"
Marcelo Medeiros Eler,EACH/USP,89/6957,"['chi', 'se']"
Marcelo Morandini,EACH/USP,67/2834,['se']
Marcelo Pimenta,UFRGS,p/MarceloSoaresPimenta,"['chi', 'se']"
Marcelo Schots,UERJ,08/9051,['se']
Marcelo Walter,UFRGS,79/1265,"['graphics', 'vision']"
Marcelo Zanchetta do Nascimento,UFU,22/5828,"['ai', 'bio', 'graphics']"
Marcelo d'Amorim,UFPE,16/608,['se']
Marcelo da Silva Reis,UNICAMP,130/1610,['ai']
Marcelo de Gomensoro Malheiros,FURG,37/4928,['graphics']
Marcia Fampa,COPPE/UFRJ,57/5836,"['or', 'theory']"
Marcia Rosana Cerioli,DCC/UFRJ,05/4738,['theory']
Marcio Barros,UNIRIO,36/2479,['se']
Marcio Basgalupp,UNIFESP,57/1607,"['ai', 'data']"
Marcio Castro,UFSC,39/6633,"['arch', 'ds']"
Marcio Costa Santos,UFMG,221/4211,['or']
Marcio Dorn,UFRGS,58/4634,"['ai', 'bio', 'data', 'ds']"
Marcio Ribeiro,UFAL,r/MarcioRibeiro,"['chi', 'ds', 'se']"
Marco Antonio Casanova,PUC-Rio,c/MarcoACasanova,['dbis']
Marco Antonio Moreira de Carvalho,UFOP,121/4773,['or']
Marco Antonio Zanata Alves,UFPR,47/7939,"['ai', 'arch', 'security']"
Marco Aurelio Wehrmeister,UTFPR,60/2173,['robotics']
Marco Cristo,UFAM,c/MarcoCristo,['se']
Marco Goldbarg,UFRN,g/MarcoCesarGoldbarg,['or']
Marco Graciotto Silva,UTFPR,26/693,['se']
Marco Molinaro,PUC-Rio,88/4732,"['data', 'or', 'theory', 'vision']"
Marco Tulio Valente,UFMG,o/MarcoTuliodeOliveiraValente,['se']
Marcone Souza,UFOP,26/4,"['ai', 'net', 'or']"
Marcos Andre Goncalves,UFMG,45/1395,"['ai', 'data', 'dbis', 'ir']"
Marcos Bueno,UFU,04/8380,['data']
Marcos Chaim,EACH/USP,82/201,"['graphics', 'se']"
Marcos Didonet Del Fabro,UFPR,15/5866,['dbis']
Marcos Kalinowski,PUC-Rio,38/3792,"['dbis', 'se']"
Marcos Lage,UFF,46/4560,"['arch', 'chi', 'graphics']"
Marcos Roberto Silva Borges,DCC/UFRJ,99/2500,['chi']
Marcos Seruffo,UFPA,233/8878,"['chi', 'net']"
Marcos Simplicio Jr,POLI/USP,79/2420,"['hardware', 'security']"
Marcos Vieira,UFMG,11/6979,"['ai', 'net', 'robotics']"
Marcus Poggi,PUC-Rio,63/4961,"['or', 'vision']"
Marcus Ritt,UFRGS,86/7006,"['ai', 'arch', 'or']"
Maria Andreia Rodrigues,UNIFOR,56/6060,['graphics']
Maria Camila Barioni,UFU,37/2450,['dbis']
Maria Cecilia Baranauskas,UNICAMP,b/MCCBaranauskas,['chi']
Maria Claudia Boeres,UFES,31/2757,"['ai', 'vision']"
Maria Clicia Castro,UERJ,27/2301,['arch']
Maria Cristina Ferreira Oliveira,ICMC/USP,57/1706,"['ai', 'chi']"
Maria Emilia Telles Walter,UnB,84/2668,['bio']
Maria Nascimento,UNIFESP,94/7230,"['ai', 'net', 'or']"
Maria do Carmo Nicoletti,UFSCar,65/4419,['ai']
Mariana Kolberg,UFRGS,99/6576,['robotics']
Mariana Recamonde Mendoza,UFRGS,81/9882,"['ai', 'bio']"
Marilia Mendes,UFC,91/5328,['chi']
Marilton Aguiar,UFPEL,02/284,"['bio', 'hardware']"
Marinho Barcellos,UFRGS,b/MarinhoPBarcellos,['net']
Mario Antonio Ribeiro Dantas,UFJF,d/MarioARDantas,"['arch', 'ds', 'robotics']"
Mario Benevides,DCC/UFRJ,29/5198,['formal']
Mario Fernando Montenegro Campos,UFMG,70/4227,"['robotics', 'vision']"
Mario Lemes Proenca,UEL,46/6747,"['ai', 'arch', 'net']"
Mario Sergio Alvim,UFMG,84/8371,"['data', 'dbis', 'formal', 'security', 'theory']"
Maristela Holanda,UnB,20/1662,"['arch', 'cse', 'dbis']"
Maristela Santos,ICMC/USP,50/8057,"['ai', 'or']"
Mariza Bigonha,UFMG,91/739,['se']
Mariza Ferro,LNCC,09/10314,"['arch', 'ds']"
Markus Endler,PUC-Rio,e/MarkusEndler,"['data', 'net']"
Marley Vellasco,PUC-Rio,v/MMBRVellasco,"['ai', 'bio', 'chi']"
Marlo Souza,UFBA,16/11062,['formal']
Marta Mattoso,COPPE/UFRJ,m/MartaLQueirosMattoso,"['arch', 'ds']"
Martin Gomez Ravetti,UFMG,39/2799,['or']
Martin Musicante,UFRN,72/5025,"['dbis', 'formal']"
Mauricio Ayala Rincon,UnB,56/538,"['ai', 'formal']"
Mauricio Pilla,UFPEL,06/5321,"['ai', 'ds']"
Mauro Fonseca,UTFPR,37/786,"['ai', 'net', 'security']"
Maycon Peixoto,UFBA,94/4865,"['arch', 'net', 'theory']"
Mayron Cesar Moreira,UFLA,15/7999,['or']
Michel Albonico,UTFPR,119/5096,['se']
Michel Melo Silva,UFV,185/7877,['vision']
Michele Nogueira,UFMG,22/4022,['net']
Michelle Wangham,UNIVALI,82/6811,['net']
Miguel Campista,COPPE/UFRJ,02/4935,"['ai', 'arch', 'hardware', 'net']"
Miguel Castro,UFC,37/3973,"['ai', 'net']"
Milene Silveira,PUC-RS,38/1199,"['chi', 'cse']"
Milton Brown do Coutto Filho,UFF,184/9663,['arch']
Mirella Moro,UFMG,m/MirellaMouraMoro,"['dbis', 'ir', 'se']"
Mitre Costa Dourado,DCC/UFRJ,51/4736,"['or', 'theory']"
Moacir Ponti,ICMC/USP,69/5836,"['ai', 'data', 'graphics', 'vision']"
Moises Ribeiro,UFES,20/1896,"['arch', 'net', 'robotics']"
Monalessa Barcellos,UFES,97/7540,"['dbis', 'se']"
Murilo Naldi,UFSCar,07/3376,['dbis']
Murilo Vicente Goncalves da Silva,UFPR,15/376,"['ai', 'data', 'theory']"
Myriam Delgado,UTFPR,80/3289,"['ai', 'or']"
Nabor Mendonca,UNIFOR,79/4708,"['cse', 'se']"
Nadia Nedjah,UERJ,n/NadiaNedjah,"['ai', 'arch', 'ds', 'graphics']"
Nazareno Andrade,UFCG,14/1054,"['chi', 'graphics']"
Nelio Cacho,UFRN,39/2172,"['ai', 'arch', 'ds']"
Nelson Fonseca,UNICAMP,f/NelsonLSdaFonseca,"['graphics', 'net', 'or']"
Nelson Maculan,COPPE/UFRJ,94/4688,['or']
Nelson Mascarenhas,UFSCar,41/2902,['vision']
Nelson Rosa,UFPE,r/NelsonSoutoRosa,['ai']
Newton Spolaor,UNIOESTE,48/9358,"['ai', 'graphics']"
Nina Hirata,IME/USP,62/2188,['graphics']
Nivan Ferreira,UFPE,96/10398,"['ai', 'graphics']"
Noemi Rodriguez,PUC-Rio,95/2066,"['arch', 'pl']"
Olga Bellon,UFPR,26/3892,['graphics']
Olga Goussevskaia,UFMG,53/238,"['arch', 'ds', 'net']"
Orlando Lee,UNICAMP,24/3858,['theory']
Otavio Lemos,UNIFESP,80/3784,['se']
Otto Carlos Duarte,COPPE/UFRJ,18/2077,['ds']
Paola Accioly,UFCA,53/7000,['se']
Paolo Rech,UFRGS,64/5340,"['arch', 'ds', 'hardware', 'security']"
Patricia Della Mea Plentz,UFSC,83/1063,['ds']
Patricia Matsubara,UFMS,249/1704,['se']
Paulo Adeodato,UFPE,15/5054,['ai']
Paulo Antonio Leal Rego,UFC,67/10788,['vision']
Paulo Borba,UFPE,b/PauloBorba,['se']
Paulo Butzen,FURG,93/5285,['hardware']
Paulo Henrique Pisani,UFABC,30/9527,['vision']
Paulo Licio de Geus,UNICAMP,79/4220,['security']
Paulo Lilles Jorge Drews Junior,FURG,76/7747,"['graphics', 'robotics', 'vision']"
Paulo Maciel,UFPE,m/PRMartinsMaciel,"['ai', 'arch', 'ds', 'or', 'se', 'security']"
Paulo Mattos Neto,UFPE,21/8284,"['ai', 'arch', 'data', 'vision']"
Paulo Meirelles,IME/USP,37/5038,['se']
Paulo Miranda,IME/USP,21/5570,['vision']
Paulo Pires,DCC/UFRJ,69/1904,"['ds', 'ir', 'net']"
Paulo Roberto Ferreira Junior,UFPEL,222/3501,['robotics']
Paulo Roberto Oliveira,COPPE/UFRJ,02/9919,['or']
Paulo Santos,FEI,33/5229,"['ai', 'formal']"
Paulo Sergio Lopes de Souza,ICMC/USP,96/5652,"['arch', 'ds', 'net', 'se']"
Pedro Frosi,UFU,25/6464,['net']
Pedro Henrique Bugatti,UTFPR,13/4202,"['bio', 'graphics']"
Pedro Jussieu de Rezende,UNICAMP,41/3473,"['data', 'or', 'theory']"
Pedro Olmo,UFMG,28/3311,"['ai', 'data', 'graphics', 'ir', 'net']"
Pedro Santos Neto,UFPI,23/3085,['se']
Pedro de Botelho Marcos,FURG,99/7415,['net']
Petrucio Viana,UFF,00/10258,['ai']
Philippe Navaux,UFRGS,74/1262,"['arch', 'ds', 'security']"
Priscila Saito,UFSCar,129/2351,"['bio', 'graphics']"
Priscila Solis,UnB,85/5282,['net']
Puca Huachi Penna,UFOP,25/11483,['or']
Rafael Bordini,PUC-RS,b/RafaelHBordini,"['ai', 'chi', 'theory']"
Rafael Dias Araujo,UFU,123/7849,['ai']
Rafael Ferreira Mello,UFRPE,205/0582,['ai']
Rafael Kunst,Unisinos,92/10324,"['ai', 'net', 'robotics']"
Rafael Lins,UFPE,44/4611,['ai']
Rafael Lopes Gomes,UECE,129/0936,['net']
Rafael Maiani de Mello,DCC/UFRJ,121/2507,['se']
Rafael Melo,UFBA,78/7608,"['ai', 'data', 'or']"
Rafael Pasquini,UFU,70/2771,['net']
Rafael Prikladnicki,PUC-RS,39/5605,['se']
Rafael Rossi,UFMS,82/10167,"['ai', 'data', 'se', 'vision']"
Rafael Schouery,UNICAMP,196/0126,"['or', 'theory']"
Rafael Torchelsen,UFPEL,25/7609,['graphics']
Rafael de Santiago,UFSC,79/8300,['ai']
Rafael de Sousa Junior,UnB,s/RTdeSousaJ,"['net', 'security']"
Raphael Camargo,UFABC,31/4450,"['arch', 'ds']"
Raphael Carlos Machado,INMETRO,83/1163,['theory']
Raphael Pereira de Oliveira,IFS,75/7435,['se']
Raquel Minardi,UFMG,26/8886,['bio']
Raquel Prates,UFMG,51/3637,['chi']
Regina Braga,UFJF,32/9021,"['ds', 'se']"
Regivan Santiago,UFRN,36/2941,"['ai', 'data']"
Reinaldo Bianchi,FEI,40/169,"['ai', 'net', 'robotics']"
Renan Maffei,UFRGS,139/3519,['robotics']
Renata Fortes,ICMC/USP,48/6369,['se']
Renata Galante,UFRGS,37/2418,['ir']
Renata Guizzardi,UFES,75/5043,"['dbis', 'se']"
Renata Maria de Souza,UFPE,18/6809,"['ai', 'data', 'se', 'vision']"
Renata Reiser,UFPEL,61/2221,['ai']
Renata Vieira,PUC-RS,05/465,"['ai', 'bio', 'formal']"
Renato Assuncao,UFMG,130/0513,"['ai', 'data', 'graphics', 'ir', 'robotics']"
Renato Carmo,UFPR,64/3603,['theory']
Renato Ferreira,UFMG,f/RACFerreira,"['arch', 'chi']"
Renato Fileto,UFSC,35/2350,"['ai', 'dbis']"
Renato Krohling,UFES,15/931,"['ai', 'graphics', 'or']"
Renato Perez Ribas,UFRGS,75/4916,['hardware']
Renato Portugal,LNCC,28/6950,['theory']
Renato Tinos,FFCLRP/USP,86/3910,['ai']
Renato Vimieiro,UFMG,02/1965,['data']
Rian Gabriel Santos Pinheiro,UFAL,139/1019,"['ai', 'or', 'theory']"
Ricardo Cerri,UFSCar,94/7227,"['ai', 'data']"
Ricardo Custodio,UFSC,95/6830,['dbis']
Ricardo Fabbri,UERJ,74/6892,['vision']
Ricardo Ferreira,UFV,12/10030,"['arch', 'ds', 'hardware']"
Ricardo Jacobi,UnB,06/5774,['graphics']
Ricardo Jose Ferrari,UFSCar,163/8283,['ai']
Ricardo Marcacini,UFMS,69/8767,"['ai', 'data', 'se', 'vision']"
Ricardo Marroquim,COPPE/UFRJ,41/5501,"['graphics', 'vision']"
Ricardo Martins de Abreu Silva,UFPE,33/1137-1,['ai']
Ricardo Massa Ferreira Lima,UFPE,34/3170,['security']
Ricardo Prudencio,UFPE,76/1124,['ai']
Ricardo Reis,UFRGS,r/RAdaLuzReis,['hardware']
Ricardo Rios,UFBA,33/11459,"['ai', 'graphics', 'net', 'vision']"
Ricardo Rodrigues Ciferri,UFSCar,58/1079,['dbis']
Ricardo Silveira,UFSC,48/5786,['ai']
Ricardo Terra,UFLA,23/5199,['se']
Ricardo Torres,UNICAMP,s/RicardodaSilvaTorres,"['data', 'ds', 'graphics', 'net', 'se', 'vision']"
Ricardo de Almeida Falbo,UFES,229/4259,"['dbis', 'se']"
Richard Goncalves,UNICENTRO,53/4018,['ai']
Rita Suzana Pitangueira Maciel,UFBA,11/2049,['se']
Roberta Coelho,UFRN,61/561,['se']
Roberto Bittencourt,UEFS,75/3180,['cse']
Roberto Celio Limao de Oliveira,FCT/UFPA,69/3899,"['ai', 'net']"
Roberto Cesar Junior,IME/USP,c/RobertoMarcondesCesarJunior,"['graphics', 'robotics', 'vision']"
Roberto Hirata,IME/USP,94/4977,"['ai', 'vision']"
Roberto Ierusalimschy,PUC-Rio,90/4557,['pl']
Roberto Imbuzeiro Oliveira,IMPA,51/934,"['ai', 'data', 'or']"
Roberto Inoue,UFSCar,28/8719,['robotics']
Roberto Lotufo,FEEC/UNICAMP,42/168,['ai']
Roberto Pereira,UFPR,233/8441,"['chi', 'se']"
Roberto Souto Barros,UFPE,34/906,"['ai', 'data', 'ds']"
Robson Cordeiro,ICMC/USP,84/5092,"['ai', 'dbis', 'ir']"
Robson do Nascimento Fidalgo,UFPE,09/546,"['ai', 'dbis', 'se']"
Rodolfo Azevedo,UNICAMP,73/1601,['arch']
Rodolfo Stoffel Antunes,Unisinos,10/3873,"['ai', 'arch', 'data', 'net', 'vision']"
Rodolfo Villaca,UFES,31/1899,"['arch', 'net']"
Rodrigo Barros,PUC-RS,33/1197,"['ai', 'vision']"
Rodrigo Bonifacio,UnB,21/824,"['pl', 'se']"
Rodrigo Duran,IFMS,201/4491,"['cse', 'se']"
Rodrigo Geraldo Ribeiro,UFOP,204/6610,['pl']
Rodrigo Machado,UFRGS,33/4758,['formal']
Rodrigo Mello,ICMC/USP,81/6146,"['ai', 'data']"
Rodrigo Minetto,UTFPR,00/1588,['dbis']
Rodrigo Pereira dos Santos,UNIRIO,57/7989,"['ai', 'cse', 'se']"
Rodrigo Righi,Unisinos,33/4917,"['ai', 'arch', 'data', 'net', 'vision']"
Rodrigo Sanches Miani,UFU,19/7303,['security']
Rodrigo de Bem,FURG,238/2724,['vision']
Rodrigo de Souza Couto,COPPE/UFRJ,152/6069,"['ai', 'net']"
Rodrygo Santos,UFMG,36/1247,"['ai', 'chi', 'data', 'ir']"
Rogerio Eduardo Garcia,UNESP,79/2878,"['cse', 'graphics', 'se']"
Rohit Gheyi,UFCG,10/3240,['se']
Ronaldo Correia,UNESP,24/7636,['cse']
Ronaldo Ferreira,UFMS,63/3999,"['net', 'security']"
Ronaldo Prati,UFABC,34/586,"['ai', 'data']"
Ronaldo dos Santos Mello,UFSC,82/6647,"['data', 'dbis']"
Ronei Moraes,UFPB,38/4949,['ai']
Ronnie Alves,UFPA,83/953,"['ai', 'bio', 'data']"
Rosa Leao,COPPE/UFRJ,l/RosaMMLeao,['net']
Rosana Braga,ICMC/USP,07/4304,"['cse', 'se']"
Rosane Minghim,ICMC/USP,61/4784,['ai']
Roseli Francelin Romero,ICMC/USP,46/3833,['robotics']
Rosiane de Freitas,UFAM,47/7842,"['data', 'or', 'theory']"
Rossana Andrade,UFC,61/6138,"['chi', 'se']"
Rudinei Goularte,ICMC/USP,48/414,"['data', 'graphics']"
Rudini Menezes Sampaio,UFC,39/1114,['theory']
Sabrina Marczak,PUC-RS,05/6533,['se']
Salles Viana Gomes de Magalhaes,UFV,87/5124,['arch']
Sandra Avila,UNICAMP,97/3954,"['ai', 'vision']"
Sandra Fabbri,UFSCar,75/5829,['se']
Sandra Venske,UNICENTRO,64/11443,"['ai', 'or']"
Sandro Rigo,Unisinos,79/2208,['arch']
Santiago Valdes Ravelo,UNICAMP,157/6034,"['or', 'theory']"
Sarita Mazzini Bruschi,ICMC/USP,18/5969,['net']
Savio Freire,IFCE,117/6111,['se']
Sean Siqueira,UNIRIO,73/4321,"['chi', 'ir']"
Seiji Isotani,ICMC/USP,83/1033,"['ai', 'chi', 'cse']"
Sergio Bampi,UFRGS,84/5693,"['ai', 'hardware', 'vision']"
Sergio Campos,UFMG,01/2746,"['bio', 'formal', 'graphics']"
Sergio Lifschitz,PUC-Rio,l/SLifschitz,['bio']
Sergio Medeiros,UFRN,64/4850,"['pl', 'se']"
Sergio Soares,UFPE,58/232,"['ai', 'se']"
Sheila Reinehr,PUCPR,05/2483,"['chi', 'se']"
Silvana Rossetto,DCC/UFRJ,52/618,['ds']
Silvia Amelia Bim,UTFPR,131/8176,['cse']
Silvia Costa Botelho,FURG,43/4171,"['graphics', 'robotics']"
Silvia Vergilio,UFPR,99/4290,['se']
Silvio Guimaraes,PUC Minas,08/3856,"['graphics', 'vision']"
Simone Bacellar Leal Ferreira,UNIRIO,44/9823,['chi']
Simone Barbosa,PUC-Rio,b/SDJBarbosa,"['chi', 'dbis', 'graphics', 'se']"
Simone Cristiane dos Santos,UFPE,83/2310,['cse']
Simone Dantas de Souza,UFF,84/5767,"['or', 'theory']"
Simone Souza,ICMC/USP,35/1622,"['arch', 'ds', 'se']"
Simone de Lima Martins,UFF,50/11138,['or']
Solange Rezende,ICMC/USP,90/5551,"['ai', 'data', 'vision']"
Soraia Musse,PUC-RS,92/5311,"['graphics', 'vision']"
Soraia Prietch,UFMT,139/7426,['chi']
Steffen Lewitzka,UFBA,61/4362,['formal']
Stenio Fernandes,UFPE,09/6789,"['ds', 'net']"
Sulamita Klein,DCC/UFRJ,79/3504,['theory']
Sylvio Barbon Junior,UEL,66/5992,"['ai', 'data', 'dbis', 'graphics', 'net', 'vision']"
Taciana Pontual Falcao,UFRPE,10/5013,['ai']
Tatiana Tavares,UFPEL,89/3496,['chi']
Tayana Conte,UFAM,48/5,"['chi', 'dbis', 'se']"
Teobaldo Bulhoes,UFPB,211/6569,"['or', 'theory']"
Teofilo de Campos,UnB,94/4509,"['ai', 'vision']"
Teresa Ludermir,UFPE,00/6226,"['ai', 'theory']"
Thais Batista,UFRN,b/TVBatista,"['arch', 'ds', 'ir', 'se']"
Thais Rocha,UFAPE,166/6879,['se']
Thales Vieira,UFAL,36/4553,"['ai', 'graphics', 'robotics']"
Thelma Colanzi,UEM,84/1707,"['ai', 'se']"
Thiago Braga Marcilon,UFCA,133/8742,['theory']
Thiago Noronha,UFMG,43/4309,['or']
Thiago Oliveira Santos,UFES,83/9778,"['ai', 'graphics', 'vision']"
Thiago Pardo,ICMC/USP,31/4118,['ai']
Thiago Porcino,UFF,160/8940,['graphics']
Thiago Silva,UTFPR,42/10062,"['ai', 'dbis', 'ds', 'net']"
Thiago da Silveira,UFRGS,141/6127,"['graphics', 'vision']"
Thibaut Vidal,PUC-Rio,40/11481,"['ai', 'data', 'or', 'vision']"
Tiago Almeida,UFSCar,04/2243,['ai']
Tiago Espinola Ferreira,UFRPE,e/TAEspinolaFerreira,"['ai', 'data', 'hardware']"
Tiago Ferreto,PUC-RS,78/3004,"['arch', 'ds']"
Tiago Januario,UFBA,38/7837,"['ai', 'theory']"
Tiago Massoni,UFCG,91/4481,['se']
Tiago Pereira do Nascimento,UFPB,02/11271,['robotics']
Tiago Primo,UFPEL,34/9982,['ai']
Tiago da Silva,UNIFESP,78/3343,['se']
Ticianne Darin,UFC,202/0821,"['chi', 'se']"
Tsang Ing Ren,UFPE,98/5344,"['ai', 'graphics', 'vision']"
Tulio Toffolo,UFOP,98/7611,['or']
Ueverton Souza,UFF,48/11143,"['ai', 'or', 'theory']"
Uira Kulesza,UFRN,78/6010,"['net', 'se']"
Umberto Rivieccio,UFRN,18/5028,"['ai', 'formal']"
Valdinei Freire,EACH/USP,18/527,"['ai', 'graphics', 'ir']"
Valeria Lelli,UFC,09/7656,['se']
Valeria Times,UFPE,31/4518,"['bio', 'se']"
Valmir Barbosa,COPPE/UFRJ,b/ValmirCBarbosa,['net']
Valter Camargo,UFSCar,37/1266,"['ds', 'se']"
Vander Alves,UnB,15/5448,"['ai', 'se']"
Vanderlei Bonato,ICMC/USP,57/3827,"['ai', 'hardware']"
Vanessa Braganholo,UFF,84/2055,"['ai', 'dbis', 'se']"
Vania Bogorny,UFSC,16/2965,"['data', 'dbis']"
Vania Neris,UFSCar,233/8402,['chi']
Vaninha Vieira,UFBA,17/535,"['chi', 'se']"
Vasco Furtado,UNIFOR,17/2960,"['chi', 'ir']"
Veronica Teichrieb,UFPE,12/6264,"['ai', 'graphics', 'vision']"
Victor Campos,UFC,97/1609,['theory']
Victor Stroele,UFJF,88/6600,"['ai', 'ds']"
Vinicius Cassol,Unisinos,28/11115,['graphics']
Vinicius Garcia Pinto,FURG,235/7229,['arch']
Vinicius Garcia,UFPE,g/ViniciusCardosoGarcia,"['ai', 'arch', 'security']"
Vinicius Menezes de Oliveira,FURG,08/2829,['robotics']
Vinicius Petrucci,UFBA,80/2060,"['arch', 'ds']"
Vinicius Santos,UFMG,244/2005,"['or', 'theory']"
Virgilio Almeida,UFMG,a/VirgilioAlmeida,"['chi', 'ir']"
Vitor Estevao Silva Souza,UFES,72/3662,['dbis']
Vivek Nigam,UFPB,26/7042,"['ds', 'formal', 'net']"
Viviane Moreira,UFRGS,o/VivianeMoreiraOrengo,"['ai', 'arch']"
Wagner Meira,UFMG,m/WagnerMeiraJr,"['arch', 'data', 'ir', 'net']"
Wagner Zola,UFPR,162/0882,['ai']
Waldemar Celes,PUC-Rio,c/WaldemarCelesFilho,['graphics']
Wellington Santos Martins,UFG,120/9618,['ir']
Wendel Melo,UFU,150/9733,['or']
Wesley Nunes Goncalves,UFMS,59/1925,"['ai', 'vision']"
Weverton Cordeiro,UFRGS,96/2183,['net']
William Schwartz,UFMG,78/6398,"['ai', 'graphics', 'vision']"
Wilson de Oliveira,UFRPE,68/6342,['ai']
Windson Viana,UFC,54/4813,['se']
Wylliams Santos,UPE,119/7532,['se']
Yoshiharu Kohayakawa,IME/USP,48/5131,['theory']
Yoshiko Wakabayashi,IME/USP,49/4632,"['or', 'theory']"
Yuri Frota,UFF,20/4128,"['ai', 'ds', 'or']"
Yuska Aguiar,UFPB,135/0853,['chi']
Zanoni Dias,UNICAMP,93/6090,"['bio', 'graphics', 'or', 'security', 'vision']"
Zhao Liang,FFCLRP/USP,63/5422-1,"['ai', 'data']"
Carla Bezerra,UFC,09/5610,['se']
Luiz Augusto Morais,UFPE,246/3239,"['chi', 'graphics']"
Andson Marreiros Balieiro,UFPE,140/1381,['arch']
Paulo Freitas De Araujo Filho,UFPE,223/8310,['net']
Bruno Grisci,UFRGS,173/4128,"['ai', 'data']"
Dennis Giovani Balreira,UFRGS,208/7522,"['ai', 'graphics', 'vision']"
Henrique Becker,UFRGS,180/6136,['or']
Mateus Grellert,UFRGS,29/9850,"['ai', 'hardware']"
Fabio Botler,IME/USP,169/9872,['theory']
Marcel Kenji de Carli Silva,IME/USP,130/9167,['theory']
Emanuel Felipe Duarte,UNICAMP,167/3421,['chi']
Hilder Vitor Lima Pereira,UNICAMP,273/2369,['security']
Marcos Medeiros Raimundo,UNICAMP,214/2368,"['ai', 'data', 'graphics', 'or']"
Ruben Interian,UNICAMP,204/1592,['or']
Felipe Gomes de Oliveira,UFAM,211/8209,['robotics']
Joao Eduardo Montandon,UFMG,128/2576,['se']
Andre Hochuli,PUCPR,47/5891,['ai']
Eduardo Viegas,PUCPR,120/2495-1,"['arch', 'net', 'robotics', 'security']"
Jean Paul Barddal,PUCPR,148/4305,"['ai', 'data']"
Marcelo Eduardo Pellenz,PUCPR,12/1494,['ai']
Marco Antonio Simoes Teixeira,PUCPR,210/3781,['robotics']
Rayson Laroca,PUCPR,215/5013,['graphics']
Hector Azpurua,UFMG,156/6854,['robotics']
Walter Takashi Nakamura,UTFPR,201/2424,"['chi', 'se']"
